{"cameraMode":{"drawMode":0,"name":"Shaded","section":"Shading Mode"},"sceneLighting":true,"audioPlay":false,"sceneViewState":{"showFog":true,"showMaterialUpdate":true,"showSkybox":true,"showFlares":true,"showImageEffects":true,"showParticleSystems":true},"in2DMode":false,"pivot":{"x":403.14935302734377,"y":266.68878173828127,"z":71.83319091796875},"rotation":{"x":0.04639788344502449,"y":-0.061398252844810489,"z":0.0028403569012880327,"w":0.9970647692680359},"size":316.6993103027344,"orthographic":false}