{"cameraMode":{"drawMode":0,"name":"Shaded","section":"Shading Mode"},"sceneLighting":false,"audioPlay":false,"sceneViewState":{"showFog":true,"showMaterialUpdate":true,"showSkybox":false,"showFlares":true,"showImageEffects":true,"showParticleSystems":true},"in2DMode":false,"pivot":{"x":-3.2782554626464846e-7,"y":0.6113635301589966,"z":0.055173687636852267},"rotation":{"x":0.040223944932222369,"y":-0.9411962628364563,"z":0.31294524669647219,"w":0.12093605101108551},"size":1.41853666305542,"orthographic":false}