{"cameraMode":{"drawMode":0,"name":"Shaded","section":"Shading Mode"},"sceneLighting":false,"audioPlay":false,"sceneViewState":{"showFog":true,"showMaterialUpdate":false,"showSkybox":false,"showFlares":true,"showImageEffects":true,"showParticleSystems":true},"in2DMode":false,"pivot":{"x":-0.9707901477813721,"y":2.4348080158233644,"z":8.114190101623536},"rotation":{"x":-0.42583873867988589,"y":-0.39404743909835818,"z":0.2134888470172882,"w":-0.7860275506973267},"size":10.470637321472168,"orthographic":false}