{"cameraMode":{"drawMode":0,"name":"Shaded","section":"Shading Mode"},"sceneLighting":false,"audioPlay":false,"sceneViewState":{"showFog":true,"showMaterialUpdate":true,"showSkybox":false,"showFlares":true,"showImageEffects":true,"showParticleSystems":true},"in2DMode":false,"pivot":{"x":-3.2782554626464846e-7,"y":0.6559423804283142,"z":0.055173687636852267},"rotation":{"x":0.22296033799648286,"y":-0.16000229120254517,"z":0.03712628409266472,"w":0.9608938097953796},"size":0.8528558015823364,"orthographic":false}