{"cameraMode":{"drawMode":0,"name":"Shaded","section":"Shading Mode"},"sceneLighting":false,"audioPlay":false,"sceneViewState":{"showFog":true,"showMaterialUpdate":false,"showSkybox":false,"showFlares":true,"showImageEffects":true,"showParticleSystems":true},"in2DMode":false,"pivot":{"x":4.473557949066162,"y":-81.14007568359375,"z":31.007171630859376},"rotation":{"x":0.5265520215034485,"y":-0.473463237285614,"z":0.5033753514289856,"w":0.49527931213378909},"size":45.11859130859375,"orthographic":false}