{"cameraMode":{"drawMode":0,"name":"Shaded","section":"Shading Mode"},"sceneLighting":false,"audioPlay":false,"sceneViewState":{"showFog":true,"showMaterialUpdate":false,"showSkybox":false,"showFlares":true,"showImageEffects":true,"showParticleSystems":true},"in2DMode":false,"pivot":{"x":4.708681106567383,"y":-10.129704475402832,"z":14.012554168701172},"rotation":{"x":0.7404835820198059,"y":-0.015040265396237374,"z":0.01676211506128311,"w":0.671793520450592},"size":24.318323135375978,"orthographic":false}